"YearMonth","Monthly_Price","Monthly_log_Price","Monthly_MidRate","Monthly_PRCP","Monthly_TAVG","Monthly_Production"
1996-01-01,1346.75,7.20541163783656,0.1464694,0,82.6,33583.3333333332
1996-02-01,1358.365,7.21400834023445,0.151065,0,84.25,33583.3333333332
1996-03-01,1344.69,7.20381784853492,0.157436666666667,0,83,33583.3333333332
1996-04-01,1473.3,7.29526006171331,0.160528,0,84,33583.3333333332
1996-05-01,1527.122,7.3311025099487,0.1621164,0.322333333333333,79.6733333333333,33583.3333333332
1996-06-01,1534.09166666667,7.33559664627532,0.164747,0.121666666666667,79.5416666666667,33583.3333333332
1996-07-01,1494.19136363636,7.30910868087963,0.167029772727273,0.190606060606061,77.0469696969697,33583.3333333332
1996-08-01,1501.37222222222,7.31395875480177,0.168878444444444,0.0893148148148148,76.7407407407407,33583.3333333332
1996-09-01,1475.3975,7.29665191997439,0.169986166666667,0.0385833333333333,76.0138888888889,33583.3333333332
1996-10-01,1473.19428571429,7.29516621880754,0.171833285714286,0.000714285714285714,80.1428571428571,33583.3333333332
1996-11-01,1466.36444444444,7.29036361943335,0.172679388888889,0.0375925925925926,81.0956349206349,33583.3333333332
1996-12-01,1473.909375,7.29563132200975,0.173583375,0.00166666666666667,80.1145833333333,33583.3333333332
1997-01-01,1425.13210526316,7.26184627349295,0.174558052631579,0.0371929824561404,81.2997493734336,26874.1666666667
1997-02-01,1375.12,7.22619969244299,0.177485230769231,0,83.6346153846154,26874.1666666667
1997-03-01,1524.64411764706,7.32882307618116,0.186147823529412,0.129558823529412,83.943137254902,26874.1666666667
1997-04-01,1570.22761904762,7.35872820192127,0.192127857142857,0.478015873015873,81.8713151927438,26874.1666666667
1997-05-01,1570.786,7.35917755381536,0.1996763,0.307816666666667,81.0796428571429,26874.1666666667
1997-06-01,1695.301,7.43386732128064,0.20710705,0.433949404761905,78.7857142857143,26874.1666666667
1997-07-01,1670.11136363636,7.42035556562712,0.214576136363636,0.040469696969697,76.8241883116883,26874.1666666667
1997-08-01,1653.728,7.40976574333514,0.21814215,0.0889916666666667,76.9490476190476,26874.1666666667
1997-09-01,1769.745,7.47851305436336,0.219875909090909,0.230969696969697,78.7922619047619,26874.1666666667
1997-10-01,1741.38434782609,7.46217230275596,0.222793,0.046304347826087,80.4804347826087,26874.1666666667
1997-11-01,1693.92705882353,7.43474123058898,0.223478352941176,0.0591764705882353,82.1628851540616,26874.1666666667
1997-12-01,1752.90785714286,7.46868115826387,0.224428142857143,0.0617857142857143,82.2619047619048,26874.1666666667
1998-01-01,1680.78636363636,7.42695464086585,0.227933181818182,0,81.7515151515152,34113.3333333333
1998-02-01,1640.835,7.4027825243927,0.22916985,0.0246666666666667,85.5641666666667,34113.3333333333
1998-03-01,1719.8255,7.44987350196185,0.2303698,0.124,86.8291666666667,34113.3333333333
1998-04-01,1729.13368421053,7.45506917333067,0.230758052631579,0.196184210526316,85.6491228070175,34113.3333333333
1998-05-01,1795.69736842105,7.49308226883861,0.230787526315789,0.202456140350877,82.6779448621554,34113.3333333333
1998-06-01,1722.7435,7.45156040699972,0.23146455,0.224733333333333,80.4422619047619,34113.3333333333
1998-07-01,1712.38545454545,7.44553747037234,0.232476363636364,0.0407954545454545,78.2992424242424,34113.3333333333
1998-08-01,1689.32733333333,7.43202640817089,0.232541533333333,0.0699111111111111,77.2988888888889,34113.3333333333
1998-09-01,1687.31545454545,7.4306396578085,0.232470454545455,0.483227272727273,78.675,34113.3333333333
1998-10-01,1646.42909090909,7.40630759217778,0.232459545454545,0.153333333333333,80.7181818181818,34113.3333333333
1998-11-01,1594.90571428571,7.37447079575342,0.233297238095238,0.200952380952381,83.25,34113.3333333333
1998-12-01,1513.966,7.32222679792843,0.23424325,0,82.5816666666667,34113.3333333333
1999-01-01,1456.33444444444,7.28354545683677,0.231499166666667,0,82.0092592592593,36183.3333333333
1999-02-01,1408.4655,7.25019189218866,0.23636835,0,83.38,36183.3333333333
1999-03-01,1313.895,7.18052255407517,0.239332818181818,0,83.7840909090909,36183.3333333333
1999-04-01,1164.63928571429,7.05915271344172,0.243097928571429,0.0114285714285714,82.8809523809524,36183.3333333333
1999-05-01,1070.20705882353,6.97456680279085,0.245073,0,82.9029411764706,36183.3333333333
1999-06-01,1152.725,7.04771480418042,0.25028775,0,81.4027777777778,36183.3333333333
1999-07-01,1110.19428571429,7.01181091519604,0.255225857142857,0,78.5238095238095,36183.3333333333
1999-08-01,1048.725,6.95533020627678,0.258007,0,79.5,36183.3333333333
1999-09-01,1050.26,6.95657036277838,0.2636604,0,77.2333333333333,36183.3333333333
1999-10-01,1014,6.92165818415113,0.283623,0,82,36183.3333333333
1999-11-01,929.26,6.83438857048615,0.3054,0.45,82,36183.3333333333
1999-12-01,931.133333333333,6.83628591741559,0.343968333333333,0,82.2222222222222,36183.3333333333
2000-01-01,919.761666666667,6.82405811128152,0.354351833333333,0.00972222222222222,83.0185185185185,36383.3333333334
2000-02-01,845.97,6.74045974197333,0.3759615,0,86,36383.3333333334
2000-03-01,932.402352941176,6.83708672239168,0.394105235294118,0.0647058823529412,83.5588235294118,36383.3333333334
2000-04-01,896.913,6.79888590918584,0.4231748,0,84,36383.3333333334
2000-05-01,920.191428571429,6.8244464988986,0.460101642857143,0,82.2142857142857,36383.3333333334
2000-06-01,941.777142857143,6.84747199984806,0.50075480952381,0.065,79.5238095238095,36383.3333333334
2000-07-01,936.686190476191,6.84224893642465,0.58420180952381,0.0447619047619048,77.8571428571429,36383.3333333334
2000-08-01,878.985333333333,6.77857503307908,0.629066866666667,0.0332666666666667,76.9777777777778,36383.3333333334
2000-09-01,885.76,6.78641115951888,0.6442100625,0.018125,78.375,36383.3333333334
2000-10-01,878.053333333333,6.77697512955078,0.663095666666667,0,80.3333333333333,36383.3333333334
2000-11-01,797.750714285714,6.68151981327143,0.677256071428571,0.0114285714285714,81.8732993197279,36383.3333333334
2000-12-01,801.095294117647,6.68578785303924,0.664477411764706,0.127647058823529,81.7647058823529,36383.3333333334
2001-01-01,971.755714285714,6.87393804330143,0.689523761904762,0,81.6547619047619,32465.9166666668
2001-02-01,1162.97222222222,7.05787031379447,0.695410055555556,0.00111111111111111,82.1898148148148,32465.9166666668
2001-03-01,1120.1895,7.0205481216797,0.7075267,0.045,83.0125,32465.9166666668
2001-04-01,1079.36388888889,6.9840004045917,0.712263888888889,0,82.6944444444444,32465.9166666668
2001-05-01,1089.93235294118,6.99351697381823,0.714709647058824,0.0717647058823529,82.4705882352941,32465.9166666668
2001-06-01,972.991875,6.8802537128828,0.71592975,0,79.375,32465.9166666668
2001-07-01,967.715555555556,6.8747824889463,0.711995944444444,0,78,32465.9166666668
2001-08-01,1034.10608695652,6.94088504339578,0.71064547826087,0,76.695652173913,32465.9166666668
2001-09-01,999.312857142857,6.90631464514663,0.710616,0,76.1428571428571,32465.9166666668
2001-11-01,1254.54,7.13452425051139,0.713623,0,82,32465.9166666668
2002-01-01,1374.61,7.22579203817415,0.727173,0,82,28380.1666666667
2002-02-01,1498.34733333333,7.31189001328736,0.738946933333333,0.0266666666666667,83.5765079365079,28380.1666666667
2002-03-01,1588.01714285714,7.36999825773056,0.752573571428571,0.0919047619047619,84.4404761904762,28380.1666666667
2002-04-01,1559.17428571429,7.35183216197968,0.770704714285714,0.484285714285714,83.5,28380.1666666667
2002-05-01,1606.16578947368,7.38119950464252,0.778499315789474,0.0197368421052632,82.4842105263158,28380.1666666667
2002-06-01,1664.65882352941,7.41679054647763,0.788307176470588,0.0694117647058824,79.2352941176471,28380.1666666667
2002-07-01,1841.104,7.51802991223911,0.7967025,0,79,28380.1666666667
2002-08-01,2005.77636363636,7.60306348280526,0.811042,0,77.7272727272727,28380.1666666667
2002-09-01,2151.81818181818,7.67363884213931,0.812537909090909,0,77.9090909090909,28380.1666666667
2002-10-01,2197.84352941176,7.69208707219196,0.818856,0,80.7058823529412,28380.1666666667
2002-11-01,1814.06523809524,7.50272331102316,0.812592857142857,0.0644920634920635,81.3809523809524,28380.1666666667
2002-12-01,2025.80684210526,7.61268568440098,0.831535421052632,0.000421052631578947,81.7447368421053,28380.1666666667
2003-01-01,2184.10666666667,7.6882269590185,0.841552904761905,0.0154285714285714,81.7265873015873,41416.6666666667
2003-02-01,2173.88181818182,7.6823199439145,0.850537,0.0152272727272727,83.815367965368,41416.6666666667
2003-03-01,1993.114,7.59717158244043,0.85578425,0.01,83.9541666666667,41416.6666666667
2003-04-01,1928.98473684211,7.56453642618879,0.861063157894737,0.0633333333333333,82.7570175438596,41416.6666666667
2003-05-01,1738.4565,7.45874428225945,0.86432755,0.0871,82.8666666666667,41416.6666666667
2003-06-01,1579.10904761905,7.36424456429962,0.866972476190476,0.243563492063492,79.1325396825397,41416.6666666667
2003-07-01,1555.52090909091,7.34834703929537,0.868397909090909,0.0544318181818182,78.1,41416.6666666667
2003-08-01,1571.44761904762,7.35751656401474,0.869661952380952,0.075952380952381,77.4452380952381,41416.6666666667
2003-09-01,1631.58409090909,7.39616811297437,0.893890318181818,0.0643560606060606,78.7714285714286,41416.6666666667
2003-10-01,1481.93434782609,7.30024788726851,0.871809260869565,0.226855072463768,80.7463768115942,41416.6666666667
2003-11-01,1515.41277777778,7.32286255943287,0.875154611111111,0.116600529100529,81.8287037037037,41416.6666666667
2003-12-01,1627.5975,7.3942914527067,0.8796146,0.0905,81.3985714285714,41416.6666666667
2004-01-01,1624.2819047619,7.39228940239243,0.881867238095238,0.0542857142857143,81.8055555555556,61416.6666666666
2004-02-01,1586.35666666667,7.36899577954942,0.885766,0.0591666666666667,83.1001984126984,61416.6666666666
2004-03-01,1504.545,7.31595212827464,0.892791772727273,0.0715151515151515,84.0882034632035,61416.6666666666
2004-04-01,1437.611,7.27038524791202,0.89694165,0.0725416666666667,82.625,61416.6666666666
2004-05-01,1407.20882352941,7.24905909808935,0.898528529411765,0.121176470588235,81.5490196078431,61416.6666666666
2004-06-01,1415.72857142857,7.25530397036024,0.899237,0.0733333333333333,78.6559523809524,61416.6666666666
2004-07-01,1567.40904761905,7.35485902864257,0.90053219047619,0.0242063492063492,77.3460317460317,61416.6666666666
2004-08-01,1729.215,7.45501304861843,0.901176090909091,0.0606060606060606,77.2780303030303,61416.6666666666
2004-09-01,1542.32,7.34054377890533,0.901204666666667,0.111396825396825,79.7205215419501,61416.6666666666
2004-10-01,1484.71380952381,7.30286791128373,0.901655714285714,0.254571428571429,80.0698412698413,61416.6666666666
2004-11-01,1656.28052631579,7.41091246026753,0.902423315789474,0.0972368421052631,82.0201754385965,61416.6666666666
2004-12-01,1648.3425,7.40710543187232,0.90299345,0.0241666666666667,82.1583333333333,61416.6666666666
2005-01-01,1548.53736842105,7.34488882706179,0.903366368421053,0,81.0526315789474,61666.6666666666
2005-02-01,1634.5985,7.39877592123374,0.9039139,0.0265,85.3333333333333,61666.6666666666
2005-03-01,1720.83,7.44969360707829,0.904727923076923,0.055,83.6153846153846,61666.6666666666
2005-04-01,1586.35941176471,7.36901701021845,0.905033058823529,0.097156862745098,83.6862745098039,61666.6666666666
2005-05-01,1510.79263157895,7.32021406568258,0.905480105263158,0.278818922305764,81.2401629072682,61666.6666666666
2005-06-01,1538.997,7.33806268725046,0.9054843,0.118916666666667,78.9791666666667,61666.6666666666
2005-07-01,1487.907,7.30501598149884,0.90563155,0.0292666666666667,77.7583333333333,61666.6666666666
2005-08-01,1481.93086956522,7.30076054420201,0.905830869565218,0.0774492753623188,76.3524844720497,61666.6666666666
2005-09-01,1505.34,7.31545075903472,0.90306635,0.0821261904761905,78.7091666666667,61666.6666666666
2005-10-01,1451.259,7.28007907686302,0.90578315,0.186118452380952,79.7184523809524,61666.6666666666
2005-11-01,1433.61952380952,7.26769042190056,0.905868047619047,0.179285714285714,81.6140022675737,61666.6666666666
2005-12-01,1518.74545454545,7.32558468849813,0.907799090909091,0,82.105303030303,61666.6666666666
2006-01-01,1578.1265,7.36373867902157,0.90815405,0,82.1333333333333,61166.6666666667
2006-02-01,1545.0745,7.34269276309478,0.90870865,0.046,82.8861111111111,61166.6666666667
2006-03-01,1543.88047619048,7.34193749858488,0.909991952380952,0.15468253968254,82.6108843537415,61166.6666666667
2006-04-01,1553.70666666667,7.34820285628279,0.910781277777778,0.0898148148148148,83.1546296296296,61166.6666666667
2006-05-01,1595.26066666667,7.3745997158345,0.9117202,0.611,80.36,61166.6666666667
2006-07-01,1576.47333333333,7.36293899976068,0.91645,0.203333333333333,77.3888888888889,61166.6666666667
2006-08-01,1599.05,7.37713072885817,0.91662825,0.139375,75.9375,61166.6666666667
2006-09-01,1573.744,7.36119642694745,0.9203366,0.107333333333333,77.7,61166.6666666667
2006-10-01,1538.42444444444,7.33838547000497,0.921002222222222,0.290185185185185,78.5814814814815,61166.6666666667
2006-11-01,1582.95529411765,7.36696334869778,0.921108647058824,0.0379411764705882,81.3382352941177,61166.6666666667
2006-12-01,1700.452,7.43843870519003,0.921317466666667,0,82.4166666666667,61166.6666666667
2007-01-01,1700.76238095238,7.43876428218752,0.942399333333333,0,81.4079365079365,51208.3333333334
2007-02-01,1813.8775,7.50285814948004,0.9223842,0.0875,84.4083333333333,51208.3333333334
2007-03-01,1937.37578947368,7.56853081716379,0.924623526315789,0.00210526315789474,84.1315789473684,51208.3333333334
2007-04-01,1987.29538461538,7.59430862134057,0.925512,0.175384615384615,83.9230769230769,51208.3333333334
2007-05-01,2010.388125,7.60594412908409,0.9259530625,0.2575,82.40625,51208.3333333334
2007-06-01,2001.82454545455,7.60139005045757,0.926176090909091,0.205454545454545,79.5,51208.3333333334
2007-07-01,2141.65533333333,7.66890638042939,0.92696,0.066,78.4777777777778,51208.3333333334
2007-08-01,1911.370625,7.55532278175749,0.9296375,0.0025,78.59375,51208.3333333334
2007-09-01,1926.78538461538,7.56328740801588,0.949146153846154,0.113846153846154,78.3461538461538,51208.3333333334
2007-10-01,1883.03,7.54063746055361,0.9444,0,77,51208.3333333334
2007-11-01,1969.38,7.58546944123198,0.95305,0,80,51208.3333333334
2007-12-01,2118.3475,7.65835098770484,0.960025,0,83.75,51208.3333333334
2008-01-01,2192.8125,7.69272854754191,0.968316666666667,0,80.5416666666667,56731.75
2008-02-01,2539.09642857143,7.83842898113982,0.971878571428571,0.0142857142857143,84.6785714285714,56731.75
2008-03-01,2704.24769230769,7.90012054817537,0.9739,0,84.1538461538462,56731.75
2008-04-01,2626.808,7.87167285807108,0.97859,0.065,83.425,56731.75
2008-06-01,3143.89222222222,8.05314390889208,1.01894444444444,0.0394444444444444,79.8518518518518,56731.75
2008-07-01,2938.125,7.98484099031286,1.03871363636364,0.0737121212121212,78.8603174603175,56731.75
2008-08-01,2810.47095238095,7.94036038311663,1.08033333333333,0.119714285714286,78.3187074829932,56731.75
2008-09-01,2682.49333333333,7.89406431615907,1.1110619047619,0.090952380952381,79.2777777777778,56731.75
2008-10-01,2405.44,7.78446422997482,1.131225,0.119027777777778,80.6805555555556,56731.75
2008-11-01,2093.87285714286,7.64538064182314,1.16957142857143,0.0621428571428571,82.3721655328798,56731.75
2008-12-01,2472.40157894737,7.81055031748532,1.19463157894737,0.1,82.4476817042606,56731.75
2009-01-01,2634.549,7.87555244086749,1.240915,0.0255,82.7847619047619,59219.8333333332
2009-02-01,2636.80947368421,7.87579284478487,1.30787894736842,0.0744736842105263,83.4481203007519,59219.8333333332
2009-03-01,2486.04235294118,7.81686929603189,1.34987058823529,0.165156862745098,83.974533146592,59219.8333333332
2009-04-01,2546.305,7.84140507859843,1.38472222222222,0.128333333333333,82.7959435626102,59219.8333333332
2009-05-01,2484.43105263158,7.81721244466761,1.41052631578947,0.316122807017544,82.5145989974937,59219.8333333332
2009-06-01,2700.36409090909,7.90040574086008,1.44205909090909,0.298324134199134,80.5310064935065,59219.8333333332
2009-07-01,2800.58045454545,7.9360589158294,1.45997727272727,0.124327561327561,78.2665945165945,59219.8333333332
2009-08-01,2956.66523809524,7.99155539873342,1.47080952380952,0.0316020408163265,77.228835978836,59219.8333333332
2009-09-01,3140.67761904762,8.05172071178437,1.4605,0.414958049886621,78.6124149659864,59219.8333333332
2009-10-01,3372.50227272727,8.1228206684383,1.45411818181818,0.207677489177489,79.5222943722944,59219.8333333332
2009-11-01,3381.318,8.1258352943181,1.441315,0.221211111111111,81.1676388888889,59219.8333333332
2009-12-01,3497.07526315789,8.15949934268031,1.43541052631579,0.0287719298245614,83.0744152046784,59219.8333333332
2010-01-01,3525.123,8.1674945435676,1.429485,0.063375,82.6157142857143,52669.7833333332
2010-02-01,3276.5465,8.09427529109818,1.429415,0.2695,84.9229761904762,52669.7833333332
2010-03-01,3086.22047619048,8.03459243309573,1.42757142857143,0.155753968253968,84.801455026455,52669.7833333332
2010-04-01,3212.90052631579,8.07415919208378,1.42227368421053,0.134197994987469,84.9300125313283,52669.7833333332
2010-05-01,3166.835,8.05974135793371,1.42068333333333,0.162222222222222,83.5519400352734,52669.7833333332
2010-06-01,3230.83181818182,8.08037616046547,1.42173636363636,0.321757034632035,80.4409451659452,52669.7833333332
2010-07-01,3236.64333333333,8.08213390740296,1.43193333333333,0.163888888888889,78.2785273368607,52669.7833333332
2010-08-01,3071.71363636364,8.0289543133329,1.43375909090909,0.274327380952381,78.1992424242424,52669.7833333332
2010-09-01,2879.014,7.96503348171251,1.43321,0.151916071428571,78.6217063492063,52669.7833333332
2010-10-01,2927.45666666667,7.98173361679663,1.43039523809524,0.22078798185941,80.2656462585034,52669.7833333332
2010-11-01,2910.89857142857,7.97611208710868,1.43338571428571,0.124807256235828,81.1688775510204,52669.7833333332
2010-12-01,3056.788,8.02482675637328,1.444915,0.13635,82.0644047619048,52669.7833333332
2011-01-01,3164.863,8.05837213443776,1.46438,0,81.2135714285714,58335
2011-02-01,3474.96052631579,8.15283702041962,1.50963157894737,0.155964912280702,80.6704260651629,58335
2011-03-01,3380.41636363636,8.12405413624222,1.51443181818182,0.0668181818181818,84.0060606060606,58335
2011-04-01,3135.40684210526,8.050226514576,1.51782105263158,0.102832080200501,84.3352130325814,58335
2011-05-01,3061.90210526316,8.0263628212552,1.50667368421053,0.0596052631578947,82.3956140350877,58335
2011-06-01,3012.27238095238,8.01018783181186,1.50638571428571,0.149662698412698,79.5802721088435,58335
2011-07-01,3170.85842105263,8.06152116374123,1.50808947368421,0.125175438596491,77.5277777777778,58335
2011-08-01,3061.59904761905,8.0263853541365,1.51010952380952,0.0837896825396825,76.7116402116402,58335
2011-09-01,2877.96,7.96357838521248,1.52281904761905,0.0685430839002268,78.4309523809524,58335
2011-10-01,2681.028,7.89381834900855,1.54841,0.159283333333333,79.9579761904762,58335
2011-11-01,2517.36333333333,7.82982678701197,1.56082857142857,0.0547619047619048,81.3772108843537,58335
2011-12-01,2187.33529411765,7.69006974597719,1.57998235294118,0,81.5358543417367,58335
2012-01-01,2307.62,7.7425331844236,1.61145714285714,0.000952380952380952,81.3939531368103,73279.0000000001
2012-02-01,2351.14947368421,7.76217822269709,1.66965263157895,0.0355789473684211,82.1223893065998,73279.0000000001
2012-03-01,2358.94947368421,7.765744686946,1.70158947368421,0.0845175438596491,83.621992481203,73279.0000000001
2012-04-01,2271.35526315789,7.72762671839121,1.75575789473684,0.132261904761905,82.297201336675,73279.0000000001
2012-05-01,2312.0975,7.74520172479713,1.832295,0.297841666666667,80.9841468253968,73279.0000000001
2012-06-01,2260.656,7.72302035723333,1.88401333333333,0.301944444444444,78.5389682539682,73279.0000000001
2012-07-01,2340.12055555556,7.75773121925817,1.91321111111111,0.0839444444444444,77.301917989418,73279.0000000001
2012-08-01,2525.48375,7.83380250127484,1.9265875,0.0285833333333333,76.8931051587302,73279.0000000001
2012-09-01,2622.21736842105,7.87147526942842,1.90938947368421,0.0458020050125313,77.891290726817,73279.0000000001
2012-10-01,2459.46333333333,7.80756973164883,1.89631333333333,0.323903703703704,79.4984126984127,73279.0000000001
2012-11-01,2475.40375,7.81398417388849,1.87790625,0.0971458333333333,81.6153273809524,73279.0000000001
2012-12-01,2413.22,7.78827846779526,1.88411666666667,0,81.4810846560847,73279.0000000001
2013-01-01,2275.43636363636,7.72979814493088,1.89664090909091,0.00818181818181818,82.3594155844156,69622.1666666667
2013-02-01,2197.704,7.69500366355017,1.904755,0.151119047619048,84.0198015873016,69622.1666666667
2013-03-01,2157.13105263158,7.67639583571145,1.92411578947368,0.146052631578947,84.0083542188805,69622.1666666667
2013-04-01,2297.9880952381,7.73933136685635,1.94566666666667,0.104365079365079,83.08679138322,69622.1666666667
2013-05-01,2341.56,7.75820859501456,1.96100476190476,0.921746031746032,82.1571428571429,69622.1666666667
2013-06-01,2283.5835,7.73288569609865,1.9853,0.0451,79.7548412698413,69622.1666666667
2013-07-01,2313.91136363636,7.74630223216823,1.99144545454545,0.0287954545454545,77.4992784992785,69622.1666666667
2013-08-01,2482.02952380952,7.81655498780539,1.99621904761905,0.0019047619047619,76.7251511715797,69622.1666666667
2013-09-01,2614.4395,7.86851452922421,1.99776,0.0629,78.3931547619048,69622.1666666667
2013-10-01,2725.51952380952,7.91027384627479,1.95683333333333,0.0596904761904762,79.7328987150416,69622.1666666667
2013-11-01,2755.17333333333,7.92096443913204,2.061,0.05,81.4950113378685,69622.1666666667
2013-12-01,2822.49473684211,7.94532628599164,2.10888421052632,0.00894736842105263,80.0019423558897,69622.1666666667
2014-01-01,2822.21571428571,7.94479079252521,2.28875238095238,0.000952380952380952,81.9561602418745,71560.0000000001
2014-02-01,2994.364,8.00444633115002,2.4452,0.023,82.0505555555556,71560.0000000001
2014-03-01,3042.4945,8.02039575699872,2.5828,0.028,82.3725198412698,71560.0000000001
2014-04-01,3048.73333333333,8.02244238583774,2.74475,0.01125,82.5453924162258,71560.0000000001
2014-05-01,3031.3095,8.01654279176655,2.859675,0.193753968253968,81.3290674603175,71560.0000000001
2014-06-01,3173.3905,8.06252933491947,2.980605,0.35180753968254,79.6894841269841,71560.0000000001
2014-07-01,3194.72333333333,8.06920104790206,3.02504761904762,0.0866190476190476,77.5828042328042,71560.0000000001
2014-08-01,3270.26904761905,8.09261103398703,3.05992380952381,0.107949735449735,76.6382275132275,71560.0000000001
2014-09-01,3214.32333333333,8.07493677417196,3.18838095238095,0.156988662131519,77.5080876795163,71560.0000000001
2014-10-01,3100.16272727273,8.03896858305938,3.19640454545455,0.116713203463203,79.7308441558442,71560.0000000001
2014-11-01,2909.091,7.97552217867582,3.19703,0.0852083333333333,80.217876984127,71560.0000000001
2014-12-01,2957.22,7.99191945131242,3.197465,0.05275,81.5415674603175,71560.0000000001
2015-01-01,2897.385625,7.97106096591598,3.22136875,0.09,81.1157738095238,71560.0000000001
2015-02-01,2946.825,7.98800704354716,3.362225,0.145588888888889,82.7251388888889,71560.0000000001
2015-03-01,2880.128,7.9650334178264,3.58618,0.1015,83.2706547619048,71560.0000000001
2015-04-01,2869.831,7.96178929403431,3.812225,0.147684523809524,83.3977579365079,71560.0000000001
2015-05-01,3104.76736842105,8.0402965322414,3.89328421052632,0.173289473684211,82.3665831244779,71560.0000000001
2015-06-01,3239.02136363636,8.08274896480723,4.19332272727273,0.184488636363636,79.5001984126984,71560.0000000001
2015-07-01,3323.01904761905,8.1085180674711,3.49068095238095,0.164365079365079,77.9586167800453,71560.0000000001
2015-08-01,3153.04952380952,8.05606620636427,3.88065238095238,0.0590476190476191,77.6772108843537,71560.0000000001
2015-09-01,3271.801,8.09290284920553,3.76762,0.0129666666666667,78.6481944444444,71560.0000000001
2015-10-01,3198.30181818182,8.07022070353828,3.7669,0,80.3181818181818,71560.0000000001
2015-11-01,3368.715,8.12221049185793,3.79016666666667,0,82.1137566137566,71560.0000000001
2015-12-01,3345.096,8.11507683665337,3.79414,0.0985,81.4771626984127,71560.0000000001
2016-01-01,2959.58052631579,7.99234182596424,3.80827894736842,0.00131578947368421,83.0456349206349,71560
2016-02-01,2932.871875,7.9836511086076,3.88190625,0.0159375,85.7427331349206,71560
2016-03-01,3075.6035,8.03108869801915,3.84889,0.213347222222222,84.2501190476191,71560
2016-04-01,3078.49523809524,8.03150101903056,3.81771904761905,0.0858730158730159,84.4032690854119,71560
2016-05-01,3092.42368421053,8.03634862377397,3.81432105263158,0.320583959899749,81.871992481203,71560
2016-06-01,3122.51681818182,8.0461957214365,3.88627727272727,0.2625,79.419715007215,71560
2016-07-01,3048.65894736842,8.02203447165165,3.93947894736842,0.0985588972431078,78.3353174603175,71560
2016-08-01,3033.18304347826,8.01722852078202,3.94506956521739,0.0559782608695652,77.4253623188406,71560
2016-09-01,2882.3095,7.96618150424762,3.95769,0.169693849206349,78.9378571428571,71560
2016-10-01,2713.3085,7.90571964418724,3.96745,0.250333333333333,81.0880357142857,71560
2016-11-01,2507.68,7.82665165151211,3.97137,0.103390476190476,82.5524801587302,71560
2016-12-01,2253.54083333333,7.71996853547644,4.13355,0.0438888888888889,81.579828042328,71560
2017-01-01,2195.85428571429,7.69414080904671,4.23554761904762,0.0819047619047619,82.680291005291,80774.9999999999
2017-02-01,2034.0815,7.61743818600582,4.372965,0.0982916666666667,84.2673611111111,80774.9999999999
2017-03-01,2062.29409090909,7.63059405999357,4.48419090909091,0.206935606060606,83.6874098124098,80774.9999999999
2017-04-01,1962.20444444444,7.58067215922663,4.19648888888889,0.112685185185185,83.5868827160494,80774.9999999999
2017-05-01,1993.6415,7.59685467594002,4.234545,0.318245238095238,82.1485714285714,80774.9999999999
2017-06-01,2002.8780952381,7.60181096515647,4.33222857142857,0.270059523809524,80.202626606198,80774.9999999999
2017-07-01,1987.29684210526,7.59402466182271,4.36647894736842,0.168868421052632,78.2665831244779,80774.9999999999
2017-08-01,1983.19545454545,7.5920085439039,4.38559545454545,0.0319545454545455,77.297095959596,80774.9999999999
2017-09-01,1996.26947368421,7.59895017878292,4.40366315789474,0.147033834586466,78.696783625731,80774.9999999999
2017-10-01,2097.05454545455,7.64821677357876,4.38132727272727,0.219371212121212,81.1017857142857,80774.9999999999
2017-11-01,2123.15,7.66047089308763,4.39841764705882,0.0691176470588235,81.640989729225,80774.9999999999
2017-12-01,1913.36055555556,7.55648548445095,4.41227777777778,0.129074074074074,81.6842592592593,80774.9999999999
2018-01-01,1951.96818181818,7.57642153608423,4.42088181818182,0.204090909090909,82.187968975469,75391.6666666666
2018-02-01,2122.799,7.65993567268807,4.419515,0.0865166666666667,84.5930753968254,75391.6666666666
2018-03-01,2507.116,7.82622199466302,4.413635,0.1317,83.5158531746032,75391.6666666666
2018-04-01,2627.271,7.87289039199202,4.405355,0.199541666666667,83.3504166666667,75391.6666666666
2018-05-01,2658.028,7.88474446375527,4.413755,0.316299404761905,81.3102579365079,75391.6666666666
2018-06-01,2407.5725,7.78603898617891,4.462515,0.222645833333333,79.6778571428571,75391.6666666666
2018-07-01,2351.75238095238,7.76215106950507,4.64757142857143,0.21228798185941,78.2975623582767,75391.6666666666
2018-08-01,2169.795,7.68159737926548,4.70829545454545,0.183068181818182,78.1213383838384,75391.6666666666
2018-09-01,2197.89052631579,7.69489416533196,4.75723684210526,0.200432330827068,78.8942147034252,75391.6666666666
2018-10-01,2134.20043478261,7.66532160132023,4.79223913043478,0.253145962732919,80.1864389233954,75391.6666666666
2018-11-01,2185.03636363636,7.68884561160807,4.79113181818182,0.190075757575758,82.1351911976912,75391.6666666666
2018-12-01,2194.35470588235,7.692997083876,4.81437647058824,0.0429411764705882,83.6947712418301,75391.6666666666
2019-01-01,2258.99142857143,7.72233395851314,4.89473809523809,0.0396190476190476,84.339134542706,67641.6666666668
2019-02-01,2255.803,7.72108166169378,5.016205,0.23275,84.4253174603175,67641.6666666668
2019-03-01,2198.309,7.69534297858302,5.179745,0.183641666666667,84.3344444444444,67641.6666666668
2019-04-01,2332.284,7.75445227974106,5.08643,0.335,83.8216666666667,67641.6666666668
2019-05-01,2315.25,7.74711889068923,5.1079380952381,0.369584656084656,81.8224489795918,67641.6666666668
2019-06-01,2410.86052631579,7.78757996279149,5.24022105263158,0.220530701754386,79.9760442773601,67641.6666666668
2019-07-01,2416.53086956522,7.78994063097751,5.25604782608696,0.157108695652174,78.6642512077295,67641.6666666668
2019-08-01,2190.535,7.6916736384055,5.27117,0.0484214285714286,78.1095833333333,67641.6666666668
2019-09-01,2300.0125,7.73993175102367,5.306685,0.161770436507937,78.9633333333333,67641.6666666668
2019-10-01,2435.27173913043,7.79773718544234,5.32350434782609,0.210363871635611,79.5942028985507,67641.6666666668
2019-11-01,2519.66333333333,7.83157526261573,5.38884761904762,0.115912698412698,82.1710317460317,67641.6666666668
2019-12-01,2454.84,7.80561685506653,5.53740588235294,0.0972549019607843,82.7229225023343,67641.6666666668
2020-01-01,2609.94333333333,7.86624274649626,5.52753333333333,0.0276190476190476,83.4404761904762,66666.6666666668
2020-02-01,2719.85210526316,7.9081645003128,5.32073684210526,0,85.9080200501253,66666.6666666668
2020-03-01,2330.46857142857,7.75161551408444,5.35648571428571,0.197202380952381,84.503514739229,66666.6666666668
2020-04-01,2270.985,7.72776713823057,5.515135,0.290933333333333,83.5939285714286,66666.6666666668
2020-05-01,2316.11578947368,7.74760100503013,5.61087894736842,0.180357142857143,83.531746031746,66666.6666666668
2020-06-01,2228.35681818182,7.7081852260102,5.64270454545454,0.307999458874459,80.4650252525253,66666.6666666668
2020-07-01,2094.04545454545,7.64660125440272,5.67242727272727,0.110983585858586,78.5078282828283,66666.6666666668
2020-08-01,2350.4065,7.76210674398735,5.681515,0.00425,78.0108333333333,66666.6666666668
2020-09-01,2456.41761904762,7.80633450248778,5.69711904761905,0.143884920634921,79.060865457294,66666.6666666668
2020-10-01,2292.05590909091,7.73697486662777,5.70543181818182,0.274189935064935,80.2375,66666.6666666668
2020-11-01,2358.18523809524,7.76358168492679,5.71200952380952,0.304373015873016,82.0095238095238,66666.6666666668
2020-12-01,2407.1725,7.78600915814444,5.720875,0.0562916666666667,82.2889880952381,66666.6666666668
2021-01-01,2392.01947368421,7.77979907419086,5.76076842105263,0.149824561403509,82.7194444444444,87282.0833333334
2021-02-01,2407.51944444444,7.78609573165001,5.75724444444444,0.458703703703704,83.9226631393298,87282.0833333334
2021-03-01,2462.00227272727,7.80838210494868,5.72753181818182,0.243098484848485,83.0446067821068,87282.0833333334
2021-04-01,2368.864,7.77005799769262,5.73077,0.0743333333333333,84.0789087301587,87282.0833333334
2021-05-01,2414.58833333333,7.78905784567524,5.73253888888889,0.0911944444444444,83.5502865961199,87282.0833333334
2021-06-01,2366.23363636364,7.7690259361495,5.75235454545455,0.109393939393939,81.1689754689755,87282.0833333334
2021-07-01,2331.3280952381,7.75400531853734,5.78482380952381,0.0798299319727891,79.3200869236584,87282.0833333334
2021-08-01,2489.14142857143,7.81937355070295,5.82640952380952,0.187380952380952,79.0834845049131,87282.0833333334
2021-09-01,2558.6619047619,7.84714535578686,5.85924761904762,0.319319160997732,79.022940287226,87282.0833333334
2021-10-01,2567.56904761905,7.85041525941175,5.88170952380952,0.250539682539683,80.5456538170824,87282.0833333334
2021-11-01,2396.86285714286,7.78168521654368,5.90668571428571,0.246492063492063,81.8450869236584,87282.0833333334
2021-12-01,2381.58833333333,7.77539351124045,5.94246111111111,0.0741666666666667,83.2514770723104,87282.0833333334
2022-01-01,2471.92105263158,7.81237980299892,6.0104,0,83.7140350877193,56941.6666666667
2022-02-01,2552.73157894737,7.84466729399933,6.30159473684211,0.0443859649122807,84.8633458646617,56941.6666666667
2022-03-01,2460.21954545455,7.80785802999534,7.04653181818182,0.146765151515152,84.3613455988456,56941.6666666667
2022-04-01,2454.73631578947,7.80565518074258,7.11226842105263,0.359833333333333,82.7235797827903,56941.6666666667
2022-05-01,2357.629,7.76533073843047,7.125965,0.290029166666667,82.0279761904762,56941.6666666667
2022-06-01,2321.78090909091,7.74988559545398,7.19081818181818,0.508420995670996,79.8114718614719,56941.6666666667
2022-07-01,2238.389,7.71343967237303,7.390825,0.0998083333333333,78.5492063492063,56941.6666666667
2022-08-01,2270.66045454545,7.72776260647192,8.05883636363636,0.0994393939393939,76.7492424242424,56941.6666666667
2022-09-01,2226.06904761905,7.70783862958134,8.74717619047619,0.213490173847317,77.646447467876,56941.6666666667
2022-10-01,2245.00523809524,7.71643423220588,11.1671238095238,0.335833333333333,80.3648715041572,56941.6666666667
2022-11-01,2382.31954545455,7.77561891895023,13.0730045454545,0.214924242424242,81.7198593073593,56941.6666666667
2022-12-01,2452.09210526316,7.80456612182138,10.0347052631579,0.0457894736842105,82.8583542188805,56941.6666666667
2023-01-01,2538.8345,7.83941140368479,9.90936,0.04125,83.0042261904762,54475
2023-02-01,2587.361,7.85814135413179,10.863615,0.02275,84.0594444444444,54475
2023-03-01,2668.74681818182,7.88901820894479,11.0139636363636,0.161689393939394,83.1952741702742,54475
2023-04-01,2823.18470588235,7.94555410798634,10.9456352941176,0.27343137254902,83.4577264239029,54475
2023-05-01,2907.75476190476,7.97498957551409,10.9123571428571,0.227462585034014,82.7583333333333,54475
2023-06-01,3117.10619047619,8.04422485699982,10.9836333333333,0.271496031746032,79.6827286470144,54475
2023-07-01,3348.39333333333,8.11599587326026,11.0019714285714,0.213614512471655,79.3531746031746,54475
2023-08-01,3444.02,8.14405722217449,11.0065681818182,0.0830909090909091,78.2424242424242,54475
2023-09-01,3627.216,8.19594764622531,11.06293,0.123102976190476,79.2984126984127,54475
2023-10-01,3691.61227272727,8.21280414516492,11.3353818181818,0.357609848484849,80.6395562770563,54475
2023-11-01,4096.15818181818,8.31751966042095,11.5493590909091,0.284740800865801,82.6068181818182,54475
2023-12-01,4252.8675,8.3552786781252,11.65391875,0.026875,82.5666666666667,54475
2024-01-01,4982.5175,8.47461260683264,11.9399375,0.914166666666667,84.0834656084656,57891.6713363189
2024-02-01,5640.08809523809,8.63524610829887,12.2300714285714,0.0704444444444444,86.052380952381,57891.6713363189
2024-03-01,7384.5,8.89585081017966,12.6557888888889,0.598805555555555,84.7570987654321,57891.6713363189
2024-04-01,9876.0555,9.19576342233708,13.03806,0.204105952380952,84.6598611111111,57891.6713363189
2024-05-01,7748.89904761905,8.95202792294164,13.771719047619,0.327619047619048,83.7161375661376,57891.6713363189
2024-06-01,8389.99894736842,9.02623102845555,14.3297789473684,0.454238095238095,81.1918128654971,57891.6713363189
2024-07-01,7164.61869565217,8.87620091560615,14.7467347826087,0.128762249827467,78.9554347826087,57891.6713363189
2024-08-01,6765.6185,8.81839795065457,15.10306,0.0752916666666667,77.3088888888889,57891.6713363189
2024-09-01,6418.3625,8.76661122982444,15.557485,0.0837345238095238,79.017123015873,57891.6713363189
2024-10-01,6582.85739130435,8.79091745334457,15.9889043478261,0.318881469979296,80.0966528640442,57891.6713363189
2024-11-01,7809.769375,8.95798660255101,16.04888125,0.327552083333333,82.6774305555556,57891.6713363189
